Property ID,Property Address,Borough,Neighborhood,Asset Type,Property Manager,Months Reported,Total Budget Income,Total Actual Income,Total Income Variance,Income Budget Status,Total Budget Expenses,Total Actual Expenses,Total Expense Variance,Expense Budget Status,Total NOI,Total EBITDA,Average Occupancy Rate,Latest Month,Latest NOI Change,NOI Trend Status,Latest EBITDA Change,EBITDA Trend Status,Budget Variance Priority
PROP-0171,25 CENTRAL PARK WEST,Manhattan,UPPER WEST SIDE (59-79),Mixed-Use Condo,Cameron Brooks,12,44126169.12,41814539.22,-2311629.9,Under income budget,11031542.28,12686635.3,1655093.03,Over expense budget,29127903.9,27735923.62,0.9447,2025-12-01,-53862.66,Declining NOI,-84964.61,Declining EBITDA,Management review recommended
PROP-0170,465 WEST 23 STREET,Manhattan,CHELSEA,Mixed-Use Condo,Casey Rivera,12,33993967.56,31271407.03,-2722560.53,Under income budget,10250503.07,11784714.4,1534211.32,Over expense budget,19486692.65,18366482.97,0.9204,2025-12-01,-1721.18,Declining NOI,-12958.4,Declining EBITDA,Management review recommended
PROP-0132,1 CENTRAL PARK WEST,Manhattan,UPPER WEST SIDE (59-79),Multifamily Condo,Taylor Morgan,12,28577102.04,26703830.62,-1873271.43,Under income budget,9463579.96,10809634.14,1346054.19,Over expense budget,15894196.49,14954939.82,0.9411,2025-12-01,-72103.47,Declining NOI,-89314.73,Declining EBITDA,Management review recommended
PROP-0016,252 7 AVENUE,Manhattan,CHELSEA,Multifamily Condo,Riley Chen,12,37878106.44,32076685.17,-5801421.26,Under income budget,10734573.29,12013212.88,1278639.59,Over expense budget,20063472.3,18895584.44,0.8442,2025-12-01,31967.97,Improving NOI,21298.37,Improving EBITDA,Management review recommended
PROP-0097,416 WEST 52 STREET,Manhattan,CLINTON,Multifamily Condo,Casey Rivera,12,13247523.12,12387760.65,-859762.45,Under income budget,3958377.24,4666323.37,707946.1,Over expense budget,7721437.3,7277927.69,0.9324,2025-12-01,-100371.77,Declining NOI,-102054.02,Declining EBITDA,Management review recommended
PROP-0135,160 WEST END AVENUE,Manhattan,UPPER WEST SIDE (59-79),Residential Condo,Avery Johnson,12,21017800.56,19503505.62,-1514294.92,Under income budget,8420199.14,9024445.43,604246.27,Over expense budget,10479060.2,9782774.37,0.9365,2025-12-01,-51229.22,Declining NOI,-37626.77,Declining EBITDA,Management review recommended
PROP-0082,415 EAST 54 STREET,Manhattan,MIDTOWN EAST,Multifamily Condo,Riley Chen,12,9081382.84,8621423.93,-459958.91,Under income budget,3491081.91,3826569.99,335488.08,Over expense budget,4794853.92,4498603.79,0.9432,2025-12-01,-76436.0,Declining NOI,-69442.81,Declining EBITDA,Management review recommended
PROP-0079,200 EAST 94 STREET,Manhattan,UPPER EAST SIDE (79-96),Multifamily Condo,Morgan Patel,12,19938939.72,18343114.83,-1595824.9,Under income budget,7237809.65,7531521.32,293711.66,Over expense budget,10811593.5,10184168.92,0.9297,2025-12-01,134683.88,Improving NOI,114386.86,Improving EBITDA,Management review recommended
PROP-0106,467 CENTRAL PARK WEST,Manhattan,MANHATTAN VALLEY,Multifamily Condo,Cameron Brooks,12,4228777.68,3910700.1,-318077.6,Under income budget,1626401.09,1909883.74,283482.66,Over expense budget,2000816.32,1859702.54,0.9229,2025-12-01,-18349.13,Declining NOI,-19122.26,Declining EBITDA,Management review recommended
PROP-0046,755 KENT AVENUE,Brooklyn,WILLIAMSBURG-CENTRAL,Mixed-Use Condo,Riley Chen,12,5628876.72,5290414.18,-338462.56,Under income budget,2357375.66,2628724.21,271348.51,Over expense budget,2661689.98,2487778.2,0.9355,2025-12-01,-34289.01,Declining NOI,-39663.2,Declining EBITDA,Management review recommended
PROP-0111,260 PARK AVENUE SOUTH,Manhattan,FLATIRON,Mixed-Use Condo,Casey Rivera,12,10088159.16,9420941.38,-667217.78,Under income budget,2941591.32,3210331.97,268740.65,Over expense budget,6210609.4,5898115.37,0.9359,2025-12-01,-8040.87,Declining NOI,-15365.04,Declining EBITDA,Management review recommended
PROP-0037,429 GREENWICH STREET,Manhattan,TRIBECA,Multifamily Condo,Jordan Lee,12,3573765.6,3334535.81,-239229.78,Under income budget,1297594.08,1535802.68,238208.61,Over expense budget,1798733.12,1685048.66,0.9409,2025-12-01,11862.49,Improving NOI,13237.84,Improving EBITDA,Management review recommended
PROP-0129,520 EAST 81 STREET,Manhattan,UPPER EAST SIDE (79-96),Residential Condo,Jordan Lee,12,5945723.11,5527229.98,-418493.15,Under income budget,2086596.36,2313780.03,227183.67,Over expense budget,3213449.96,3031770.94,0.9339,2025-12-01,-37351.94,Declining NOI,-37144.03,Declining EBITDA,Management review recommended
PROP-0169,885 AVENUE OF THE AMERICA,Manhattan,FASHION,Multifamily Condo,Samira Khan,12,15201598.11,14361785.01,-839813.09,Under income budget,4380054.97,4604699.23,224644.23,Over expense budget,9757085.8,9274986.93,0.9366,2025-12-01,-12068.02,Declining NOI,-26300.28,Declining EBITDA,Management review recommended
PROP-0091,321 5 AVENUE,Manhattan,MURRAY HILL,Residential Condo,Taylor Morgan,12,27740457.24,25907486.47,-1832970.75,Under income budget,6935114.31,7147617.73,212503.44,Over expense budget,18759868.73,17845942.53,0.9467,2025-12-01,155639.73,Improving NOI,139959.5,Improving EBITDA,Management review recommended
PROP-0049,220 EAST 60 STREET,Manhattan,UPPER EAST SIDE (59-79),Retail-Adjacent Condo,Avery Johnson,12,6209345.66,5789764.93,-419580.74,Under income budget,1644865.71,1849837.27,204971.54,Over expense budget,3939927.65,3761262.72,0.9334,2025-12-01,16591.43,Improving NOI,16098.91,Improving EBITDA,Management review recommended
PROP-0166,207 EAST 57 STREET,Manhattan,MIDTOWN EAST,Multifamily Condo,Drew Thompson,12,6344033.88,5312855.36,-1031178.52,Under income budget,1878059.69,2058872.21,180812.52,Over expense budget,3253983.17,3064847.49,0.8432,2025-12-01,-57220.23,Declining NOI,-56849.76,Declining EBITDA,Management review recommended
PROP-0133,9 BARROW STREET,Manhattan,GREENWICH VILLAGE-WEST,Residential Condo,Cameron Brooks,12,4438617.17,4160269.09,-278348.1,Under income budget,1155889.91,1325703.92,169814.03,Over expense budget,2834565.16,2684719.63,0.9431,2025-12-01,-18827.1,Declining NOI,-17608.94,Declining EBITDA,Management review recommended
PROP-0036,130 BRADHURST AVENUE,Manhattan,HARLEM-CENTRAL,Multifamily Condo,Drew Thompson,12,5748559.44,4869198.31,-879361.14,Under income budget,2380854.16,2543562.51,162708.36,Over expense budget,2325635.79,2156592.99,0.8458,2025-12-01,-4630.56,Declining NOI,-2788.42,Declining EBITDA,Management review recommended
PROP-0028,40-01 LITTLE NECK PARKWAY,Queens,LITTLE NECK,Multifamily Condo,Cameron Brooks,12,1535028.0,1443221.01,-91806.97,Under income budget,784440.4,939894.04,155453.65,Over expense budget,503326.99,450435.74,0.9402,2025-12-01,-4479.45,Declining NOI,-5263.11,Declining EBITDA,Management review recommended
PROP-0138,63-36 99 STREET,Queens,REGO PARK,Multifamily Condo,Cameron Brooks,12,3989160.72,3771366.46,-217794.28,Under income budget,1139763.17,1281322.33,141559.16,Over expense budget,2490044.12,2353434.8,0.9483,2025-12-01,-2958.89,Declining NOI,-4429.41,Declining EBITDA,Management review recommended
PROP-0140,80 RICHMOND HILL ROAD,Staten Island,NEW SPRINGVILLE,Multifamily Condo,Taylor Morgan,12,3728026.13,3466813.64,-261212.5,Under income budget,1352169.12,1490463.61,138294.54,Over expense budget,1976350.03,1855099.99,0.9298,2025-12-01,-17646.12,Declining NOI,-18529.08,Declining EBITDA,Management review recommended
PROP-0060,200 EAST 58 STREET,Manhattan,MIDTOWN EAST,Multifamily Condo,Casey Rivera,12,6797044.68,6393358.13,-403686.55,Under income budget,2235428.59,2368673.37,133244.81,Over expense budget,4024684.74,3797255.52,0.9467,2025-12-01,-63803.06,Declining NOI,-54730.35,Declining EBITDA,Management review recommended
PROP-0048,220 WEST 148 STREET,Manhattan,HARLEM-CENTRAL,Multifamily Condo,Taylor Morgan,12,3706251.84,3454997.04,-251254.79,Under income budget,1416456.67,1540197.27,123740.61,Over expense budget,1914799.76,1794698.08,0.937,2025-12-01,29783.13,Improving NOI,30722.47,Improving EBITDA,Management review recommended
PROP-0078,250 EAST HOUSTON STREET,Manhattan,ALPHABET CITY,Multifamily Condo,Avery Johnson,12,7317989.64,6766777.5,-551212.11,Under income budget,1829497.39,1949364.49,119867.09,Over expense budget,4817413.03,4584209.78,0.9256,2025-12-01,-58470.86,Declining NOI,-65799.38,Declining EBITDA,Management review recommended
PROP-0002,7 NAVY PIER COURT,Staten Island,TOMPKINSVILLE,Mixed-Use Condo,Cameron Brooks,12,11009790.0,10263922.48,-745867.53,Under income budget,4206472.27,4326326.16,119853.89,Over expense budget,5937596.32,5587462.39,0.9425,2025-12-01,50779.76,Improving NOI,48455.98,Improving EBITDA,Management review recommended
PROP-0119,318 WARREN STREET,Brooklyn,BOERUM HILL,Retail-Adjacent Condo,Nadia Williams,12,2119205.71,1982040.26,-137165.44,Under income budget,684605.3,801907.9,117302.59,Over expense budget,1180132.37,1106910.91,0.9359,2025-12-01,17759.57,Improving NOI,16054.43,Improving EBITDA,Management review recommended
PROP-0142,83-09 TALBOT STREET,Queens,KEW GARDENS,Multifamily Condo,Taylor Morgan,12,3352945.44,3177811.03,-175134.42,Under income budget,1233005.61,1343370.97,110365.36,Over expense budget,1834440.07,1729314.62,0.9481,2025-12-01,5674.12,Improving NOI,6413.03,Improving EBITDA,Management review recommended
PROP-0118,195 HUDSON STREET,Manhattan,TRIBECA,Multifamily Condo,Riley Chen,12,4255297.44,4027197.2,-228100.22,Under income budget,1394077.96,1503305.08,109227.12,Over expense budget,2523892.13,2388974.06,0.9429,2025-12-01,17543.75,Improving NOI,15474.22,Improving EBITDA,Management review recommended
PROP-0069,90 BAY STREET LANDING,Staten Island,NEW BRIGHTON-ST. GEORGE,Multifamily Condo,Jordan Lee,12,3443748.12,3207427.83,-236320.28,Under income budget,1754258.81,1861720.46,107461.66,Over expense budget,1345707.37,1228400.26,0.9306,2025-12-01,-11489.4,Declining NOI,-11257.45,Declining EBITDA,Management review recommended
PROP-0066,40 BOND STREET,Manhattan,GREENWICH VILLAGE-CENTRAL,Multifamily Condo,Morgan Patel,12,5206043.52,4797553.29,-408490.23,Under income budget,1605803.03,1712374.65,106571.67,Over expense budget,3085178.61,2925122.86,0.9298,2025-12-01,-27747.2,Declining NOI,-22242.36,Declining EBITDA,Management review recommended
PROP-0161,491 GREENWICH STREET,Manhattan,SOHO,Multifamily Condo,Samira Khan,12,3457928.4,3230692.11,-227236.29,Under income budget,1035268.3,1141459.72,106191.44,Over expense budget,2089232.42,1971705.78,0.9478,2025-12-01,8435.03,Improving NOI,5090.23,Improving EBITDA,Management review recommended
PROP-0145,255 WEST 84 STREET,Manhattan,UPPER WEST SIDE (79-96),Multifamily Condo,Taylor Morgan,12,6254048.88,5764479.55,-489569.33,Under income budget,1563512.21,1669472.11,105959.9,Over expense budget,4095007.44,3881188.75,0.9224,2025-12-01,-20977.74,Declining NOI,-19201.74,Declining EBITDA,Management review recommended
PROP-0113,205 EAST 22 STREET,Manhattan,GRAMERCY,Multifamily Condo,Jordan Lee,12,5289981.96,5039033.66,-250948.3,Under income budget,1977983.26,2082304.5,104321.25,Over expense budget,2956729.13,2781486.2,0.9464,2025-12-01,17344.39,Improving NOI,22430.91,Improving EBITDA,Management review recommended
PROP-0033,550 VANDERBILT AVENUE,Brooklyn,PROSPECT HEIGHTS,Multifamily Condo,Nadia Williams,12,13411931.76,12881385.19,-530546.56,Under income budget,3729169.32,3832100.2,102930.88,Over expense budget,9049284.98,8618985.02,0.9511,2025-12-01,-8764.31,Declining NOI,-13662.1,Declining EBITDA,Management review recommended
PROP-0040,44 BUTLER PLACE,Brooklyn,PROSPECT HEIGHTS,Mixed-Use Condo,Morgan Patel,12,1951705.68,1842957.59,-108748.08,Under income budget,986437.55,1086452.91,100015.39,Over expense budget,756504.72,690457.35,0.9505,2025-12-01,3239.67,Improving NOI,3878.03,Improving EBITDA,Management review recommended
PROP-0034,525 PARK AVENUE,Manhattan,UPPER EAST SIDE (59-79),Retail-Adjacent Condo,Samira Khan,12,5456886.72,5153629.17,-303257.56,Under income budget,1770464.92,1870021.22,99556.3,Over expense budget,3283607.96,3097961.78,0.9454,2025-12-01,46922.36,Improving NOI,41943.38,Improving EBITDA,Management review recommended
PROP-0031,40 WEST 55 STREET,Manhattan,MIDTOWN WEST,Residential Condo,Riley Chen,12,2686996.08,2553473.51,-133522.57,Under income budget,1070733.17,1166278.04,95544.87,Over expense budget,1387195.45,1297339.58,0.951,2025-12-01,-13442.34,Declining NOI,-14848.28,Declining EBITDA,Management review recommended
PROP-0125,48 BEACH STREET,Manhattan,TRIBECA,Multifamily Condo,Avery Johnson,12,4870607.04,4474227.16,-396379.88,Under income budget,1800380.28,1894946.58,94566.28,Over expense budget,2579280.59,2436123.31,0.9259,2025-12-01,32338.35,Improving NOI,29855.91,Improving EBITDA,Management review recommended
PROP-0158,31 NORTH MOORE STREET,Manhattan,TRIBECA,Multifamily Condo,Avery Johnson,12,4257243.24,3952666.02,-304577.22,Under income budget,1236656.52,1328592.25,91935.73,Over expense budget,2624073.78,2500062.27,0.9345,2025-12-01,912.26,Improving NOI,-293.27,Declining EBITDA,Management review recommended
PROP-0107,2 ELMWOOD PARK DRIVE,Staten Island,NEW SPRINGVILLE,Residential Condo,Jordan Lee,12,3845461.08,3569209.1,-276251.99,Under income budget,1817183.5,1907511.44,90327.93,Over expense budget,1661697.66,1539993.55,0.9346,2025-12-01,9970.62,Improving NOI,9814.7,Improving EBITDA,Management review recommended
PROP-0112,45 EAST 80 STREET,Manhattan,UPPER EAST SIDE (79-96),Multifamily Condo,Riley Chen,12,6635003.52,6314785.74,-320217.79,Under income budget,1658750.88,1742011.99,83261.1,Over expense budget,4572773.75,4356976.86,0.9472,2025-12-01,45100.32,Improving NOI,46749.21,Improving EBITDA,Management review recommended
PROP-0004,21 EAST 66 STREET,Manhattan,UPPER EAST SIDE (59-79),Multifamily Condo,Jordan Lee,12,2555600.88,2221666.34,-333934.54,Under income budget,638900.23,721172.25,82272.03,Over expense budget,1500494.08,1427957.21,0.8657,2025-12-01,3982.0,Improving NOI,2245.0,Improving EBITDA,Management review recommended
PROP-0013,125 NORTH 10 STREET,Brooklyn,WILLIAMSBURG-NORTH,Multifamily Condo,Nadia Williams,12,3006038.04,2631904.9,-374133.16,Under income budget,1219455.65,1299340.67,79885.02,Over expense budget,1332564.2,1239474.46,0.8702,2025-12-01,-4213.48,Declining NOI,-3295.55,Declining EBITDA,Management review recommended
PROP-0075,61-05 39 AVENUE,Queens,WOODSIDE,Multifamily Condo,Morgan Patel,12,2164254.36,1975619.06,-188635.28,Under income budget,903627.48,980890.81,77263.32,Over expense budget,994728.27,926567.46,0.9207,2025-12-01,10154.48,Improving NOI,9626.51,Improving EBITDA,Management review recommended
PROP-0109,121 WELLINGTON COURT,Staten Island,NEW SPRINGVILLE,Multifamily Condo,Drew Thompson,12,1345565.52,1271988.44,-73577.07,Under income budget,607471.08,683986.06,76514.96,Over expense budget,588002.39,546871.28,0.9442,2025-12-01,-9625.76,Declining NOI,-9220.01,Declining EBITDA,Management review recommended
PROP-0104,10 NEVINS STREET,Brooklyn,DOWNTOWN-FULTON MALL,Residential Condo,Nadia Williams,12,9559588.92,8908204.01,-651384.91,Under income budget,2728142.3,2800996.25,72853.92,Over expense budget,6107207.79,5759348.77,0.9363,2025-12-01,-5390.74,Declining NOI,1851.87,Improving EBITDA,Management review recommended
PROP-0010,72 BERRY STREET,Brooklyn,WILLIAMSBURG-NORTH,Multifamily Condo,Cameron Brooks,12,1263064.66,1209109.1,-53955.54,Under income budget,416115.19,488807.99,72692.77,Over expense budget,720301.12,677234.96,0.9552,2025-12-01,-6551.23,Declining NOI,-7738.92,Declining EBITDA,Management review recommended
PROP-0084,886 WESTCHESTER AVENUE,Bronx,MORRISANIA/LONGWOOD,Multifamily Condo,Avery Johnson,12,1439514.48,1386218.82,-53295.65,Under income budget,563301.33,633687.92,70386.6,Over expense budget,752530.89,702542.67,0.9545,2025-12-01,-3342.3,Declining NOI,-3736.91,Declining EBITDA,Management review recommended
PROP-0159,79 LAIGHT STREET,Manhattan,TRIBECA,Multifamily Condo,Jordan Lee,12,4736069.64,4450414.08,-285655.57,Under income budget,1184017.41,1254257.62,70240.2,Over expense budget,3196156.48,3044425.38,0.9472,2025-12-01,-14580.76,Declining NOI,-12581.82,Declining EBITDA,Management review recommended
PROP-0089,136-17 MAPLE AVENUE,Queens,FLUSHING-NORTH,Multifamily Condo,Jordan Lee,12,2552196.48,2387326.32,-164870.15,Under income budget,1060904.98,1129720.99,68816.03,Over expense budget,1257605.32,1171311.12,0.9366,2025-12-01,9498.29,Improving NOI,8596.49,Improving EBITDA,Management review recommended
PROP-0077,510 EAST 80 STREET,Manhattan,UPPER EAST SIDE (79-96),Residential Condo,Casey Rivera,12,4604040.72,4389738.33,-214302.39,Under income budget,1151010.19,1214220.07,63209.9,Over expense budget,3175518.25,3017366.65,0.9484,2025-12-01,27015.83,Improving NOI,21437.78,Improving EBITDA,Management review recommended
PROP-0126,31-35 31 STREET,Queens,ASTORIA,Multifamily Condo,Nadia Williams,12,2117544.12,1988528.87,-129015.26,Under income budget,681644.69,742941.44,61296.76,Over expense budget,1245587.42,1173358.2,0.9403,2025-12-01,2326.76,Improving NOI,394.26,Improving EBITDA,Management review recommended
PROP-0008,145 LINCOLN AVENUE,Staten Island,GRANT CITY,Multifamily Condo,Morgan Patel,12,3221511.96,3002666.9,-218845.06,Under income budget,1245099.41,1304769.95,59670.53,Over expense budget,1697896.96,1598194.89,0.941,2025-12-01,16517.33,Improving NOI,15013.72,Improving EBITDA,Management review recommended
PROP-0052,150 EAST 37 STREET,Manhattan,MURRAY HILL,Mixed-Use Condo,Riley Chen,12,2820420.36,2658176.35,-162244.01,Under income budget,705105.08,763033.82,57928.73,Over expense budget,1895142.54,1806192.22,0.9494,2025-12-01,-5930.15,Declining NOI,-5320.69,Declining EBITDA,Management review recommended
PROP-0122,27 KING STREET,Manhattan,SOHO,Residential Condo,Cameron Brooks,12,1750567.32,1639047.26,-111520.05,Under income budget,523518.79,581221.36,57702.58,Over expense budget,1057825.9,999296.07,0.9429,2025-12-01,5841.03,Improving NOI,7339.72,Improving EBITDA,Management review recommended
PROP-0081,14 EAST 33 STREET,Manhattan,MURRAY HILL,Multifamily Condo,Riley Chen,12,1771770.36,1715883.56,-55886.81,Under income budget,648168.1,704950.62,56782.54,Over expense budget,1010932.94,952273.68,0.9594,2025-12-01,-2694.11,Declining NOI,-1328.66,Declining EBITDA,Management review recommended
PROP-0027,30 WEST 9 STREET,Manhattan,GREENWICH VILLAGE-CENTRAL,Multifamily Condo,Drew Thompson,12,793229.28,733999.29,-59230.0,Under income budget,287974.29,344429.1,56454.8,Over expense budget,389570.17,364305.5,0.9245,2025-12-01,-3840.21,Declining NOI,-3514.27,Declining EBITDA,Management review recommended
PROP-0110,339 EAST 74 STREET,Manhattan,UPPER EAST SIDE (59-79),Multifamily Condo,Riley Chen,12,8761077.48,8320836.71,-440240.77,Under income budget,2190269.38,2246115.59,55846.22,Over expense budget,6074721.14,5796952.78,0.9557,2025-12-01,20589.79,Improving NOI,16409.91,Improving EBITDA,Management review recommended
PROP-0047,3536 CAMBRIDGE AVENUE,Bronx,RIVERDALE,Residential Condo,Drew Thompson,12,1227371.55,1137972.48,-89399.08,Under income budget,573852.89,629643.78,55790.91,Over expense budget,508328.72,468763.82,0.9358,2025-12-01,-2330.84,Declining NOI,-1288.75,Declining EBITDA,Management review recommended
PROP-0095,378 BALTIC STREET,Brooklyn,CARROLL GARDENS,Multifamily Condo,Jordan Lee,12,941587.56,884520.68,-57066.87,Under income budget,381561.24,436571.34,55010.07,Over expense budget,447949.36,414938.39,0.9389,2025-12-01,1731.76,Improving NOI,2561.88,Improving EBITDA,Management review recommended
PROP-0056,3015 BRIGHTON 6 STREET,Brooklyn,BRIGHTON BEACH,Mixed-Use Condo,Samira Khan,12,1088205.0,1018562.72,-69642.28,Under income budget,508401.82,563002.77,54600.94,Over expense budget,455559.95,420517.73,0.9403,2025-12-01,6055.9,Improving NOI,6669.16,Improving EBITDA,Management review recommended
PROP-0146,2300 FREDERICK DOUGLASS BLVD.,Manhattan,HARLEM-CENTRAL,Retail-Adjacent Condo,Nadia Williams,12,2157878.64,2049188.27,-108690.39,Under income budget,539469.67,593237.83,53768.15,Over expense budget,1455950.44,1386384.49,0.9517,2025-12-01,-1802.42,Declining NOI,-1675.87,Declining EBITDA,Management review recommended
PROP-0149,850 HOWARD AVENUE,Staten Island,SUNNYSIDE,Multifamily Condo,Avery Johnson,12,1495240.92,1425628.42,-69612.48,Under income budget,678259.32,730145.62,51886.34,Over expense budget,695482.82,644275.56,0.9466,2025-12-01,7788.46,Improving NOI,9473.95,Improving EBITDA,Management review recommended
PROP-0041,601 WEST 41 STREET,Manhattan,CLINTON,Multifamily Condo,Nadia Williams,12,4014190.92,3691012.03,-323178.9,Under income budget,1207537.67,1256341.39,48803.76,Over expense budget,2434670.62,2309068.51,0.9294,2025-12-01,10405.72,Improving NOI,6503.32,Improving EBITDA,Management review recommended
PROP-0019,29 SOUTH 3 STREET,Brooklyn,WILLIAMSBURG-SOUTH,Mixed-Use Condo,Riley Chen,12,1140066.24,1044403.76,-95662.48,Under income budget,373061.71,412259.43,39197.73,Over expense budget,632144.32,595698.2,0.9154,2025-12-01,4527.79,Improving NOI,4008.91,Improving EBITDA,Management review recommended
PROP-0173,420 LEXINGTON AVENUE,Brooklyn,BEDFORD STUYVESANT,Multifamily Condo,Drew Thompson,12,2127209.02,2006827.04,-120381.99,Under income budget,596606.81,635653.39,39046.58,Over expense budget,1371173.62,1302196.14,0.9508,2025-12-01,562.72,Improving NOI,408.5,Improving EBITDA,Management review recommended
PROP-0098,151 WEST 17 STREET,Manhattan,CHELSEA,Residential Condo,Nadia Williams,12,7388005.32,6853025.98,-534979.34,Under income budget,2683048.59,2721807.02,38758.43,Over expense budget,4131218.98,3898936.96,0.9427,2025-12-01,-717.88,Declining NOI,-2494.41,Declining EBITDA,Management review recommended
PROP-0131,139-30 34 AVENUE,Queens,FLUSHING-NORTH,Multifamily Condo,Casey Rivera,12,714395.4,669278.34,-45117.06,Under income budget,301580.87,339558.79,37977.93,Over expense budget,329719.54,305420.07,0.9382,2025-12-01,323.76,Improving NOI,29.15,Improving EBITDA,Management review recommended
PROP-0001,354 BROADWAY,Manhattan,CHINATOWN,Mixed-Use Condo,Drew Thompson,12,1916385.6,1799847.65,-116537.95,Under income budget,530938.67,568357.97,37419.32,Over expense budget,1231489.67,1172744.5,0.9303,2025-12-01,12870.76,Improving NOI,12442.47,Improving EBITDA,Management review recommended
PROP-0167,220 WEST BROADWAY,Manhattan,TRIBECA,Multifamily Condo,Cameron Brooks,12,2309345.28,2167200.98,-142144.31,Under income budget,577336.32,614742.09,37405.8,Over expense budget,1552458.89,1479642.77,0.9371,2025-12-01,26439.09,Improving NOI,27230.51,Improving EBITDA,Management review recommended
PROP-0017,316 WEST 116 STREET,Manhattan,MANHATTAN VALLEY,Multifamily Condo,Samira Khan,12,640793.52,563442.76,-77350.74,Under income budget,281873.67,318811.01,36937.33,Over expense budget,244631.77,226939.88,0.8723,2025-12-01,828.02,Improving NOI,58.74,Improving EBITDA,Management review recommended
PROP-0072,700 RIVERSIDE DRIVE,Manhattan,HARLEM-UPPER,Multifamily Condo,Avery Johnson,12,936367.08,799434.8,-136932.3,Under income budget,385116.6,420725.47,35608.86,Over expense budget,378709.33,350700.97,0.8592,2025-12-01,10201.33,Improving NOI,10179.56,Improving EBITDA,Management review recommended
PROP-0076,1078 FULTON STREET,Brooklyn,BEDFORD STUYVESANT,Multifamily Condo,Jordan Lee,12,1736869.92,1502012.03,-234857.85,Under income budget,512645.09,546664.49,34019.41,Over expense budget,955347.58,905348.69,0.8671,2025-12-01,-22910.67,Declining NOI,-22659.36,Declining EBITDA,Management review recommended
PROP-0153,2280 FREDERICK DOUGLASS BLVD,Manhattan,HARLEM-CENTRAL,Multifamily Condo,Jordan Lee,12,4055413.44,3699082.45,-356330.99,Under income budget,1453375.32,1485961.29,32585.99,Over expense budget,2213121.15,2080116.62,0.9308,2025-12-01,-30573.14,Declining NOI,-30975.58,Declining EBITDA,Management review recommended
PROP-0103,7 GRAMERCY PARK WEST,Manhattan,GRAMERCY,Multifamily Condo,Nadia Williams,12,1651949.16,1559910.55,-92038.6,Under income budget,412987.3,444503.22,31515.93,Over expense budget,1115407.34,1064015.74,0.9361,2025-12-01,-12346.94,Declining NOI,-13815.78,Declining EBITDA,Management review recommended
PROP-0144,123 3 AVENUE,Manhattan,EAST VILLAGE,Multifamily Condo,Samira Khan,12,3964479.6,3669146.78,-295332.84,Under income budget,1258321.32,1289485.86,31164.56,Over expense budget,2379660.92,2243027.74,0.9295,2025-12-01,-22005.88,Declining NOI,-23068.15,Declining EBITDA,Management review recommended
PROP-0042,205 BLEECKER STREET,Manhattan,GREENWICH VILLAGE-CENTRAL,Multifamily Condo,Casey Rivera,12,953176.68,880445.3,-72731.39,Under income budget,266538.4,297188.99,30650.57,Over expense budget,583256.31,554092.38,0.9292,2025-12-01,-9127.87,Declining NOI,-8847.83,Declining EBITDA,Management review recommended
PROP-0087,599 4 AVENUE,Brooklyn,SUNSET PARK,Mixed-Use Condo,Jordan Lee,12,604574.04,519713.24,-84860.8,Under income budget,250857.36,280856.15,29998.79,Over expense budget,238857.06,220392.29,0.8596,2025-12-01,614.51,Improving NOI,663.13,Improving EBITDA,Management review recommended
PROP-0065,3427 BRUCKNER BOULEVARD,Bronx,SCHUYLERVILLE/PELHAM BAY,Multifamily Condo,Morgan Patel,12,798742.2,750248.0,-48494.2,Under income budget,326928.48,355726.35,28797.9,Over expense budget,394521.65,368804.65,0.9436,2025-12-01,36.17,Improving NOI,245.3,Improving EBITDA,Management review recommended
PROP-0117,346 EAST 21 STREET,Manhattan,KIPS BAY,Multifamily Condo,Jordan Lee,12,890606.88,846496.84,-44110.02,Under income budget,292347.36,320491.79,28144.44,Over expense budget,526005.05,493408.85,0.9474,2025-12-01,3923.01,Improving NOI,3599.87,Improving EBITDA,Management review recommended
PROP-0005,680 RIVERSIDE DRIVE,Manhattan,HARLEM-UPPER,Residential Condo,Taylor Morgan,12,684974.88,596003.49,-88971.39,Under income budget,247738.65,275683.27,27944.62,Over expense budget,320320.21,298841.0,0.8737,2025-12-01,-1158.5,Declining NOI,-1361.19,Declining EBITDA,Management review recommended
PROP-0105,40-40 75 STREET,Queens,ELMHURST,Mixed-Use Condo,Taylor Morgan,12,1583623.92,1386157.83,-197466.11,Under income budget,417349.45,444691.24,27341.77,Over expense budget,941466.57,891575.17,0.879,2025-12-01,-803.9,Declining NOI,-1078.48,Declining EBITDA,Management review recommended
PROP-0108,2 PRINCE STREET,Manhattan,LITTLE ITALY,Multifamily Condo,Taylor Morgan,12,539928.24,470183.88,-69744.36,Under income budget,218874.65,246113.59,27238.94,Over expense budget,224070.27,207826.31,0.8726,2025-12-01,-195.09,Declining NOI,-233.02,Declining EBITDA,Management review recommended
PROP-0088,148 EAST 24 STREET,Manhattan,GRAMERCY,Multifamily Condo,Taylor Morgan,12,3056345.76,2907744.24,-148601.53,Under income budget,764086.44,791220.13,27133.7,Over expense budget,2116524.13,2018359.27,0.9483,2025-12-01,-8273.87,Declining NOI,-8253.22,Declining EBITDA,Management review recommended
PROP-0070,48 EAST END AVENUE,Manhattan,UPPER EAST SIDE (79-96),Multifamily Condo,Morgan Patel,12,836921.28,773714.03,-63207.27,Under income budget,235569.29,262336.25,26766.96,Over expense budget,511377.75,483231.16,0.9264,2025-12-01,1446.57,Improving NOI,1829.61,Improving EBITDA,Management review recommended
PROP-0152,2803 OCEAN PARKWAY,Brooklyn,BRIGHTON BEACH,Residential Condo,Avery Johnson,12,1717836.12,1608366.95,-109469.18,Under income budget,587242.34,613933.39,26691.07,Over expense budget,994433.57,937554.13,0.9382,2025-12-01,8979.43,Improving NOI,7159.4,Improving EBITDA,Management review recommended
PROP-0025,100 STERLING PLACE,Brooklyn,PARK SLOPE,Multifamily Condo,Drew Thompson,12,1444986.0,1347830.64,-97155.37,Under income budget,560961.38,585185.89,24224.48,Over expense budget,762644.78,713584.51,0.9428,2025-12-01,7540.22,Improving NOI,7512.14,Improving EBITDA,Management review recommended
PROP-0141,645 LEFFERTS AVENUE,Brooklyn,FLATBUSH-NORTH,Mixed-Use Condo,Avery Johnson,12,667586.88,619368.05,-48218.79,Under income budget,281476.01,304183.04,22707.03,Over expense budget,315185.01,293256.81,0.9287,2025-12-01,-2023.61,Declining NOI,-2522.62,Declining EBITDA,Management review recommended
PROP-0164,519 WEST 135 STREET,Manhattan,HARLEM-WEST,Multifamily Condo,Casey Rivera,12,789957.86,759252.45,-30705.4,Under income budget,314724.87,336394.7,21669.81,Over expense budget,422857.74,398867.44,0.9518,2025-12-01,2070.92,Improving NOI,1115.41,Improving EBITDA,Management review recommended
PROP-0073,1530 EAST 15 STREET,Brooklyn,MIDWOOD,Multifamily Condo,Cameron Brooks,12,425176.8,401052.22,-24124.56,Under income budget,142166.4,163196.37,21029.97,Over expense budget,237855.86,222125.27,0.9435,2025-12-01,1999.26,Improving NOI,1713.2,Improving EBITDA,Management review recommended
PROP-0015,38-22 147 STREET,Queens,FLUSHING-NORTH,Multifamily Condo,Jordan Lee,12,687835.2,570898.42,-116936.76,Under income budget,242498.27,263069.84,20571.58,Over expense budget,307828.58,287618.47,0.8287,2025-12-01,-1617.66,Declining NOI,-1976.35,Declining EBITDA,Management review recommended
PROP-0023,150 FEATHERBED LANE,Bronx,HIGHBRIDGE/MORRIS HEIGHTS,Multifamily Condo,Drew Thompson,12,1352588.28,1149138.18,-203450.1,Under income budget,509453.18,529632.7,20179.48,Over expense budget,619505.46,577763.57,0.8479,2025-12-01,1213.04,Improving NOI,297.57,Improving EBITDA,Management review recommended
PROP-0074,30-02 39 AVENUE,Queens,LONG ISLAND CITY,Residential Condo,Cameron Brooks,12,17091566.4,16125678.97,-965887.43,Under income budget,6064233.6,6084329.45,20095.86,Over expense budget,10041349.53,9463514.07,0.9489,2025-12-01,-62006.69,Declining NOI,-78644.37,Declining EBITDA,Management review recommended
PROP-0156,3050 CORLEAR AVENUE,Bronx,KINGSBRIDGE/JEROME PARK,Residential Condo,Morgan Patel,12,1981880.88,1841110.52,-140770.36,Under income budget,819840.38,839794.14,19953.71,Over expense budget,1001316.43,934616.82,0.9293,2025-12-01,-27972.31,Declining NOI,-27252.79,Declining EBITDA,Management review recommended
PROP-0157,52 DEAN STREET,Brooklyn,BOERUM HILL,Multifamily Condo,Avery Johnson,12,958148.59,916705.17,-41443.4,Under income budget,304775.13,323945.9,19170.76,Over expense budget,592759.27,558576.57,0.9402,2025-12-01,5910.59,Improving NOI,6231.25,Improving EBITDA,Management review recommended
PROP-0148,257 WEST 93 STREET,Manhattan,UPPER WEST SIDE (79-96),Multifamily Condo,Morgan Patel,12,879214.32,830680.59,-48533.73,Under income budget,219803.57,238479.35,18675.78,Over expense budget,592201.23,561848.91,0.9318,2025-12-01,-7383.71,Declining NOI,-7537.58,Declining EBITDA,Management review recommended
PROP-0134,755 40 STREET,Brooklyn,SUNSET PARK,Mixed-Use Condo,Samira Khan,12,319338.12,301406.79,-17931.31,Under income budget,109944.16,127191.12,17246.98,Over expense budget,174215.68,163616.86,0.9344,2025-12-01,-2586.92,Declining NOI,-2065.44,Declining EBITDA,Management review recommended
PROP-0045,55 3 AVENUE,Manhattan,EAST VILLAGE,Residential Condo,Casey Rivera,12,3726313.92,3524941.64,-201372.28,Under income budget,1010384.45,1027403.61,17019.16,Over expense budget,2497538.01,2377532.82,0.9362,2025-12-01,22084.26,Improving NOI,20728.34,Improving EBITDA,Management review recommended
PROP-0130,311 ST NICHOLAS AVENUE,Queens,RIDGEWOOD,Multifamily Condo,Taylor Morgan,12,674307.24,635804.36,-38502.88,Under income budget,208654.68,225511.59,16856.92,Over expense budget,410292.75,388459.61,0.9399,2025-12-01,2174.86,Improving NOI,1666.4,Improving EBITDA,Management review recommended
PROP-0174,184 DUANE STREET,Manhattan,TRIBECA,Retail-Adjacent Condo,Taylor Morgan,12,292581.84,273437.03,-19144.81,Under income budget,73145.45,87882.94,14737.48,Over expense budget,185554.1,176625.85,0.9288,2025-12-01,-1540.77,Declining NOI,-1515.87,Declining EBITDA,Management review recommended
PROP-0067,401 BEDFORD AVENUE,Brooklyn,WILLIAMSBURG-SOUTH,Residential Condo,Cameron Brooks,12,1256584.32,1187221.61,-69362.71,Under income budget,409808.09,424378.87,14570.76,Over expense budget,762842.73,722656.92,0.9432,2025-12-01,-3171.65,Declining NOI,-4222.94,Declining EBITDA,Management review recommended
PROP-0162,56 COURT STREET,Brooklyn,BROOKLYN HEIGHTS,Multifamily Condo,Drew Thompson,12,732940.56,692025.11,-40915.43,Under income budget,188510.92,202316.06,13805.14,Over expense budget,489709.09,466937.91,0.9432,2025-12-01,-526.74,Declining NOI,213.78,Improving EBITDA,Management review recommended
PROP-0175,110-14 65 AVENUE,Queens,FOREST HILLS,Retail-Adjacent Condo,Jordan Lee,12,608663.4,573140.79,-35522.61,Under income budget,214627.82,228281.1,13653.27,Over expense budget,344859.7,323804.27,0.9358,2025-12-01,3715.31,Improving NOI,3294.86,Improving EBITDA,Management review recommended
PROP-0003,113 ELDRIDGE STREET,Manhattan,LOWER EAST SIDE,Mixed-Use Condo,Riley Chen,12,411377.64,390404.57,-20973.07,Under income budget,116251.24,129728.15,13476.94,Over expense budget,260676.4,246962.05,0.9526,2025-12-01,93.28,Improving NOI,474.37,Improving EBITDA,Management review recommended
PROP-0014,56-16 SEABURY STREET,Queens,ELMHURST,Multifamily Condo,Drew Thompson,12,186249.6,172707.34,-13542.28,Under income budget,84683.88,97488.92,12805.05,Over expense budget,75218.41,69448.66,0.9409,2025-12-01,-1933.74,Declining NOI,-2008.15,Declining EBITDA,Management review recommended
PROP-0009,1154 1 AVENUE,Manhattan,UPPER EAST SIDE (59-79),Residential Condo,Jordan Lee,12,565814.76,538893.39,-26921.36,Under income budget,205178.4,217671.76,12493.35,Over expense budget,321221.66,303043.81,0.9525,2025-12-01,-520.16,Declining NOI,-46.09,Declining EBITDA,Management review recommended
PROP-0022,2408 OCEAN AVENUE,Brooklyn,MADISON,Multifamily Condo,Avery Johnson,12,982922.88,920039.97,-62882.91,Under income budget,327793.39,338989.89,11196.5,Over expense budget,581050.07,552678.9,0.9356,2025-12-01,4347.14,Improving NOI,2928.94,Improving EBITDA,Management review recommended
PROP-0154,195 BALCOM AVENUE,Bronx,THROGS NECK,Multifamily Condo,Taylor Morgan,12,477496.32,449674.0,-27822.31,Under income budget,178116.27,189201.64,11085.35,Over expense budget,260472.36,244704.01,0.9442,2025-12-01,3377.47,Improving NOI,2740.88,Improving EBITDA,Management review recommended
PROP-0137,94-22 55 AVENUE,Queens,ELMHURST,Retail-Adjacent Condo,Samira Khan,12,183316.92,172143.28,-11173.63,Under income budget,75404.35,86356.72,10952.38,Over expense budget,85786.55,80164.09,0.9442,2025-12-01,757.28,Improving NOI,739.08,Improving EBITDA,Management review recommended
PROP-0120,456 FLUSHING AVENUE,Brooklyn,BEDFORD STUYVESANT,Mixed-Use Condo,Samira Khan,12,475583.16,412704.21,-62878.94,Under income budget,136712.41,147550.45,10838.01,Over expense budget,265153.75,250086.04,0.8675,2025-12-01,1479.76,Improving NOI,1405.15,Improving EBITDA,Management review recommended
PROP-0100,18 ORCHARD STREET,Manhattan,LOWER EAST SIDE,Residential Condo,Taylor Morgan,12,346212.24,327650.03,-18562.22,Under income budget,128568.08,139141.97,10573.9,Over expense budget,188508.02,176316.06,0.9422,2025-12-01,389.75,Improving NOI,15.86,Improving EBITDA,Management review recommended
PROP-0101,63-26 99 STREET,Queens,REGO PARK,Multifamily Condo,Drew Thompson,12,928189.56,852333.57,-75856.0,Under income budget,334926.48,345489.85,10563.35,Over expense budget,506843.74,475262.88,0.9193,2025-12-01,-3084.38,Declining NOI,-2251.42,Declining EBITDA,Management review recommended
PROP-0071,218 WEST 14 STREET,Manhattan,GREENWICH VILLAGE-WEST,Residential Condo,Samira Khan,12,566958.0,536629.93,-30328.09,Under income budget,141739.49,152055.71,10316.21,Over expense budget,384574.22,365237.2,0.9491,2025-12-01,840.29,Improving NOI,1000.87,Improving EBITDA,Management review recommended
PROP-0058,65-38 AUSTIN STREET,Queens,REGO PARK,Residential Condo,Samira Khan,12,1852509.0,1738686.61,-113822.4,Under income budget,512109.37,522415.14,10305.77,Over expense budget,1216271.47,1156680.37,0.934,2025-12-01,-1538.36,Declining NOI,-2910.1,Declining EBITDA,Management review recommended
PROP-0006,999 FOREST AVENUE,Staten Island,WEST NEW BRIGHTON,Multifamily Condo,Samira Khan,12,763349.52,727840.86,-35508.66,Under income budget,242826.29,252581.66,9755.36,Over expense budget,475259.2,448010.74,0.9501,2025-12-01,1357.07,Improving NOI,1206.64,Improving EBITDA,Management review recommended
PROP-0044,1019 SOUTHERN BOULEVARD,Bronx,MORRISANIA/LONGWOOD,Multifamily Condo,Avery Johnson,12,307372.2,290533.9,-16838.3,Under income budget,100403.85,109865.43,9461.6,Over expense budget,180668.45,170151.3,0.9398,2025-12-01,368.35,Improving NOI,248.56,Improving EBITDA,Management review recommended
PROP-0054,35 WEST END AVENUE,Brooklyn,MANHATTAN BEACH,Multifamily Condo,Taylor Morgan,12,1156991.64,955106.67,-201884.96,Under income budget,351219.91,360642.8,9422.87,Over expense budget,594463.86,559227.77,0.8379,2025-12-01,6861.49,Improving NOI,6709.6,Improving EBITDA,Management review recommended
PROP-0155,120 WELLINGTON COURT,Staten Island,NEW SPRINGVILLE,Residential Condo,Taylor Morgan,12,708040.32,666518.17,-41522.14,Under income budget,330739.82,339987.86,9248.01,Over expense budget,326530.31,302989.28,0.9535,2025-12-01,4795.0,Improving NOI,4849.45,Improving EBITDA,Management review recommended
PROP-0136,55-16 MAIN STREET,Queens,FLUSHING-NORTH,Mixed-Use Condo,Jordan Lee,12,567915.72,533007.36,-34908.36,Under income budget,222771.01,231882.11,9111.07,Over expense budget,301125.29,281784.66,0.9302,2025-12-01,4419.88,Improving NOI,4176.26,Improving EBITDA,Management review recommended
PROP-0114,245 WEST 115 STREET,Manhattan,HARLEM-CENTRAL,Mixed-Use Condo,Drew Thompson,12,370092.84,342053.3,-28039.52,Under income budget,122672.78,131419.76,8746.96,Over expense budget,210633.55,198625.36,0.9399,2025-12-01,1519.84,Improving NOI,1564.38,Improving EBITDA,Management review recommended
PROP-0018,260 BEACH 81 STREET,Queens,HAMMELS,Multifamily Condo,Samira Khan,12,2519419.8,2382669.37,-136750.45,Under income budget,986851.68,995248.89,8397.19,Over expense budget,1387420.47,1303869.19,0.9509,2025-12-01,2923.22,Improving NOI,4855.08,Improving EBITDA,Management review recommended
PROP-0064,178 DIVISION AVENUE,Brooklyn,75TH Q BROOKLYN,Mixed-Use Condo,Casey Rivera,12,346541.76,320529.01,-26012.74,Under income budget,91890.12,99965.29,8075.15,Over expense budget,220563.71,209908.89,0.9227,2025-12-01,3633.31,Improving NOI,3658.57,Improving EBITDA,Management review recommended
PROP-0096,302 BROOME STREET,Manhattan,LOWER EAST SIDE,Multifamily Condo,Drew Thompson,12,506653.92,476211.55,-30442.36,Under income budget,128978.71,136842.1,7863.38,Over expense budget,339369.46,323131.25,0.9355,2025-12-01,-326.4,Declining NOI,-447.85,Declining EBITDA,Management review recommended
PROP-0128,285 DRIGGS AVENUE,Brooklyn,GREENPOINT,Multifamily Condo,Jordan Lee,12,461037.24,438628.55,-22408.7,Under income budget,183599.74,191123.47,7523.74,Over expense budget,247505.06,231704.69,0.951,2025-12-01,-1940.1,Declining NOI,-1327.65,Declining EBITDA,Management review recommended
PROP-0093,269 EAST BURNSIDE AVENUE,Bronx,FORDHAM,Multifamily Condo,Avery Johnson,12,1390863.84,1293540.09,-97323.74,Under income budget,511729.44,519160.14,7430.7,Over expense budget,774379.97,729636.71,0.9271,2025-12-01,-11662.98,Declining NOI,-12240.07,Declining EBITDA,Management review recommended
PROP-0059,31 MONROE STREET,Manhattan,LOWER EAST SIDE,Multifamily Condo,Riley Chen,12,1404643.44,1333583.56,-71059.88,Under income budget,384582.05,391862.0,7279.92,Over expense budget,941721.57,895694.72,0.942,2025-12-01,-6058.1,Declining NOI,-5580.1,Declining EBITDA,Management review recommended
PROP-0094,546 55 STREET,Brooklyn,SUNSET PARK,Residential Condo,Avery Johnson,12,286574.64,266322.99,-20251.65,Under income budget,81401.11,88581.02,7179.91,Over expense budget,177741.95,168498.49,0.9345,2025-12-01,-609.88,Declining NOI,-756.84,Declining EBITDA,Management review recommended
PROP-0172,156 SACKETT STREET,Brooklyn,COBBLE HILL-WEST,Residential Condo,Riley Chen,12,870928.44,824762.79,-46165.66,Under income budget,331890.36,338875.21,6984.89,Over expense budget,485887.57,456681.09,0.9419,2025-12-01,5372.98,Improving NOI,6327.88,Improving EBITDA,Management review recommended
PROP-0092,5024 10 AVENUE,Brooklyn,BOROUGH PARK,Residential Condo,Nadia Williams,12,245484.0,216407.67,-29076.33,Under income budget,109495.73,116420.49,6924.74,Over expense budget,99987.16,92161.47,0.8797,2025-12-01,-1980.0,Declining NOI,-2242.5,Declining EBITDA,Management review recommended
PROP-0116,1835 EAST 14 STREET,Brooklyn,MADISON,Multifamily Condo,Casey Rivera,12,313031.04,270680.34,-42350.69,Under income budget,122189.02,128984.52,6795.51,Over expense budget,141695.83,132326.59,0.866,2025-12-01,2745.4,Improving NOI,2326.23,Improving EBITDA,Management review recommended
PROP-0032,80 ADELPHI STREET,Brooklyn,FORT GREENE,Multifamily Condo,Cameron Brooks,12,379277.76,346898.35,-32379.39,Under income budget,127462.42,133494.06,6031.62,Over expense budget,213404.31,202246.19,0.9209,2025-12-01,901.81,Improving NOI,585.05,Improving EBITDA,Management review recommended
PROP-0143,54-09 108 STREET,Queens,CORONA,Multifamily Condo,Morgan Patel,12,654231.0,606177.79,-48053.2,Under income budget,226331.05,232326.95,5995.87,Over expense budget,373850.84,351994.52,0.934,2025-12-01,5443.12,Improving NOI,5619.56,Improving EBITDA,Management review recommended
PROP-0150,42 SKILLMAN STREET,Brooklyn,BEDFORD STUYVESANT,Multifamily Condo,Drew Thompson,12,821605.92,778487.98,-43117.96,Under income budget,205401.48,211290.74,5889.26,Over expense budget,567197.24,539469.87,0.9495,2025-12-01,-493.08,Declining NOI,283.84,Improving EBITDA,Management review recommended
PROP-0139,898 BEDFORD AVENUE,Brooklyn,BEDFORD STUYVESANT,Multifamily Condo,Cameron Brooks,12,711856.92,676400.1,-35456.79,Under income budget,198710.81,204541.18,5830.34,Over expense budget,471858.95,446337.95,0.9442,2025-12-01,-4509.42,Declining NOI,-4880.7,Declining EBITDA,Management review recommended
PROP-0099,30 RUTGERS STREET,Manhattan,LOWER EAST SIDE,Multifamily Condo,Riley Chen,12,466849.8,433325.55,-33524.25,Under income budget,130608.29,136333.63,5725.34,Over expense budget,296991.92,281991.11,0.9324,2025-12-01,-520.96,Declining NOI,-907.63,Declining EBITDA,Management review recommended
PROP-0039,1972 OCEAN AVENUE,Brooklyn,MIDWOOD,Mixed-Use Condo,Drew Thompson,12,265719.96,245892.26,-19827.71,Under income budget,157473.36,163125.74,5652.36,Over expense budget,82766.55,73471.05,0.9226,2025-12-01,-281.14,Declining NOI,-113.74,Declining EBITDA,Management review recommended
PROP-0102,46-22 171 STREET,Queens,FLUSHING-NORTH,Mixed-Use Condo,Nadia Williams,12,301735.44,281879.62,-19855.84,Under income budget,100328.31,105846.82,5518.51,Over expense budget,176032.79,165881.28,0.9364,2025-12-01,2171.64,Improving NOI,2329.19,Improving EBITDA,Management review recommended
PROP-0168,57 READE STREET,Manhattan,CIVIC CENTER,Mixed-Use Condo,Drew Thompson,12,8650789.92,8064403.75,-586386.16,Under income budget,2781232.85,2786745.22,5512.35,Over expense budget,5277658.54,4995021.91,0.9416,2025-12-01,-59001.5,Declining NOI,-51266.63,Declining EBITDA,Management review recommended
PROP-0160,64-86 WETHEROLE STREET,Queens,15TH Q QUEENS,Mixed-Use Condo,Casey Rivera,12,879735.72,828036.79,-51698.93,Under income budget,219933.95,225418.61,5484.67,Over expense budget,602618.19,573828.24,0.9357,2025-12-01,3151.18,Improving NOI,3330.5,Improving EBITDA,Management review recommended
PROP-0147,155 BAY STREET,Staten Island,NEW BRIGHTON-ST. GEORGE,Mixed-Use Condo,Avery Johnson,12,1681943.16,1543487.41,-138455.75,Under income budget,729935.04,735154.23,5219.2,Over expense budget,808333.17,753482.26,0.9318,2025-12-01,-6714.55,Declining NOI,-8156.2,Declining EBITDA,Management review recommended
PROP-0038,950 41 STREET,Brooklyn,BOROUGH PARK,Multifamily Condo,Riley Chen,12,402441.96,373993.79,-28448.15,Under income budget,166173.51,171258.14,5084.65,Over expense budget,202735.65,188925.75,0.9353,2025-12-01,178.03,Improving NOI,321.34,Improving EBITDA,Management review recommended
PROP-0063,577 WEST 161 STREET,Manhattan,WASHINGTON HEIGHTS LOWER,Multifamily Condo,Jordan Lee,12,727225.92,688667.87,-38558.05,Under income budget,262642.04,267658.83,5016.79,Over expense budget,421009.03,397551.85,0.9498,2025-12-01,-5863.94,Declining NOI,-5888.06,Declining EBITDA,Management review recommended
PROP-0051,6501 BAY PARKWAY,Brooklyn,GRAVESEND,Mixed-Use Condo,Morgan Patel,12,396708.48,376458.78,-20249.7,Under income budget,160920.16,165926.23,5006.07,Over expense budget,210532.55,196897.22,0.9385,2025-12-01,3749.76,Improving NOI,3936.16,Improving EBITDA,Management review recommended
PROP-0020,299 BEDFORD AVENUE,Brooklyn,WILLIAMSBURG-SOUTH,Retail-Adjacent Condo,Riley Chen,12,1463169.36,1374598.75,-88570.61,Under income budget,441238.58,445944.13,4705.55,Over expense budget,928654.62,881431.09,0.94,2025-12-01,-11231.92,Declining NOI,-10549.47,Declining EBITDA,Management review recommended
PROP-0026,94 SKILLMAN STREET,Brooklyn,BEDFORD STUYVESANT,Multifamily Condo,Jordan Lee,12,525325.2,498488.57,-26836.6,Under income budget,171398.52,176079.44,4680.88,Over expense budget,322409.16,305043.06,0.9469,2025-12-01,65.91,Improving NOI,-428.1,Declining EBITDA,Management review recommended
PROP-0021,1765 EAST 19 STREET,Brooklyn,MADISON,Multifamily Condo,Drew Thompson,12,419795.16,404942.39,-14852.75,Under income budget,139065.36,143056.64,3991.29,Over expense budget,261885.74,247425.12,0.9617,2025-12-01,2285.97,Improving NOI,1884.77,Improving EBITDA,Management review recommended
PROP-0123,2185 ADAM C. POWELL BOULEVARD,Manhattan,HARLEM-CENTRAL,Retail-Adjacent Condo,Riley Chen,12,1684824.36,1570916.94,-113907.43,Under income budget,573703.01,577656.6,3953.59,Over expense budget,993260.34,942172.82,0.9368,2025-12-01,-3114.44,Declining NOI,-4161.46,Declining EBITDA,Management review recommended
PROP-0055,132-34 41 AVENUE,Queens,FLUSHING-NORTH,Multifamily Condo,Cameron Brooks,12,182911.92,173162.59,-9749.32,Under income budget,47633.29,51449.69,3816.38,Over expense budget,121712.89,115657.19,0.9419,2025-12-01,-865.66,Declining NOI,-824.89,Declining EBITDA,Management review recommended
PROP-0057,727 OCEAN VIEW AVENUE,Brooklyn,BRIGHTON BEACH,Mixed-Use Condo,Riley Chen,12,736861.32,682768.05,-54093.27,Under income budget,358206.69,361884.16,3677.47,Over expense budget,320883.87,297744.76,0.9195,2025-12-01,-4822.56,Declining NOI,-4800.95,Declining EBITDA,Management review recommended
PROP-0068,42-83 HUNTER STREET,Queens,LONG ISLAND CITY,Retail-Adjacent Condo,Taylor Morgan,12,479883.96,444584.03,-35299.93,Under income budget,174349.72,178015.07,3665.35,Over expense budget,266568.99,250033.88,0.9311,2025-12-01,84.69,Improving NOI,-148.11,Declining EBITDA,Management review recommended
PROP-0024,359 16 STREET,Brooklyn,PARK SLOPE SOUTH,Retail-Adjacent Condo,Taylor Morgan,12,524252.16,486598.77,-37653.4,Under income budget,168524.08,171638.03,3114.0,Over expense budget,314960.74,298419.18,0.9384,2025-12-01,-1258.46,Declining NOI,-1045.9,Declining EBITDA,Management review recommended
PROP-0050,57 MASPETH AVENUE,Brooklyn,WILLIAMSBURG-EAST,Multifamily Condo,Taylor Morgan,12,719572.92,688656.01,-30916.92,Under income budget,275894.62,278984.5,3089.87,Over expense budget,409671.49,386421.31,0.9577,2025-12-01,-4776.18,Declining NOI,-5087.17,Declining EBITDA,Management review recommended
PROP-0115,25-47 23 STREET,Queens,ASTORIA,Multifamily Condo,Taylor Morgan,12,215775.48,185137.89,-30637.58,Under income budget,59501.5,62549.04,3047.52,Over expense budget,122588.86,115998.87,0.8602,2025-12-01,-677.43,Declining NOI,-781.12,Declining EBITDA,Management review recommended
PROP-0007,51 EAST 131 STREET,Manhattan,HARLEM-CENTRAL,Residential Condo,Taylor Morgan,12,1480296.48,1394512.94,-85783.54,Under income budget,373884.19,376387.47,2503.31,Over expense budget,1018125.46,972097.67,0.9374,2025-12-01,-3844.68,Declining NOI,-3225.35,Declining EBITDA,Management review recommended
PROP-0029,3435 GUIDER AVENUE,Brooklyn,SHEEPSHEAD BAY,Multifamily Condo,Samira Khan,12,408600.12,383309.57,-25290.54,Under income budget,194101.73,196560.84,2459.09,Over expense budget,186748.73,171846.28,0.9343,2025-12-01,3835.79,Improving NOI,4121.77,Improving EBITDA,Management review recommended
PROP-0151,140 NORTH 6 STREET,Brooklyn,WILLIAMSBURG-NORTH,Multifamily Condo,Jordan Lee,12,3784940.88,3497653.65,-287287.23,Under income budget,946235.23,948251.45,2016.24,Over expense budget,2549402.2,2427387.96,0.9187,2025-12-01,16129.45,Improving NOI,14674.31,Improving EBITDA,Management review recommended
PROP-0035,2833 FORD STREET,Brooklyn,SHEEPSHEAD BAY,Residential Condo,Samira Khan,12,248537.28,237810.87,-10726.39,Under income budget,94058.99,95875.32,1816.33,Over expense budget,141935.56,133024.65,0.9501,2025-12-01,1159.22,Improving NOI,1051.01,Improving EBITDA,Management review recommended
PROP-0080,380 KINGS HIGHWAY,Brooklyn,GRAVESEND,Multifamily Condo,Morgan Patel,12,373727.64,348513.56,-25214.1,Under income budget,131421.31,132959.66,1538.36,Over expense budget,215553.9,203458.92,0.9393,2025-12-01,1735.58,Improving NOI,1216.48,Improving EBITDA,Management review recommended
PROP-0062,380 NEPTUNE AVENUE,Brooklyn,BRIGHTON BEACH,Residential Condo,Drew Thompson,12,975991.56,919193.28,-56798.28,Under income budget,307746.36,309117.24,1370.87,Over expense budget,610076.06,577373.6,0.9344,2025-12-01,4488.78,Improving NOI,3583.97,Improving EBITDA,Management review recommended
PROP-0165,102 MADISON STREET,Manhattan,LOWER EAST SIDE,Mixed-Use Condo,Riley Chen,12,371940.6,356052.17,-15888.43,Under income budget,92985.14,94081.77,1096.64,Over expense budget,261970.41,249521.28,0.9486,2025-12-01,-276.95,Declining NOI,-550.68,Declining EBITDA,Management review recommended
PROP-0090,59 CONSELYEA STREET,Brooklyn,WILLIAMSBURG-EAST,Multifamily Condo,Cameron Brooks,12,218967.0,206764.45,-12202.55,Under income budget,55047.0,55883.79,836.77,Over expense budget,150880.68,143754.89,0.9483,2025-12-01,1343.84,Improving NOI,1013.18,Improving EBITDA,Management review recommended
PROP-0163,118-82 METROPOLITAN AVENUE,Queens,KEW GARDENS,Residential Condo,Nadia Williams,12,1304620.68,1226722.64,-77898.03,Under income budget,416784.24,417598.03,813.77,Over expense budget,809124.62,765992.35,0.9407,2025-12-01,-4480.86,Declining NOI,-4345.1,Declining EBITDA,Management review recommended
PROP-0127,4721 8 AVENUE,Brooklyn,BOROUGH PARK,Residential Condo,Casey Rivera,12,583126.56,541711.33,-41415.24,Under income budget,239338.2,239711.88,373.65,Over expense budget,301999.44,282045.45,0.9256,2025-12-01,723.11,Improving NOI,184.76,Improving EBITDA,Management review recommended
PROP-0121,81-18 QUEENS BOULEVARD,Queens,ELMHURST,Mixed-Use Condo,Riley Chen,12,920300.76,852762.59,-67538.17,Under income budget,290603.33,290976.12,372.8,Over expense budget,561786.49,531579.78,0.9371,2025-12-01,-4071.22,Declining NOI,-3983.38,Declining EBITDA,Management review recommended
PROP-0011,24 DUNHAM PLACE,Brooklyn,WILLIAMSBURG-SOUTH,Residential Condo,Riley Chen,12,481066.92,458249.11,-22817.82,Under income budget,186399.89,186293.74,-106.12,Under expense budget,271955.36,254985.63,0.9498,2025-12-01,-3715.81,Declining NOI,-3212.94,Declining EBITDA,Management review recommended
PROP-0083,112-45 39 AVENUE,Queens,75TH Q QUEENS,Multifamily Condo,Drew Thompson,12,1779345.96,1654220.68,-125125.28,Under income budget,546378.94,545856.85,-522.12,Under expense budget,1108363.84,1051579.73,0.9418,2025-12-01,399.4,Improving NOI,-933.71,Declining EBITDA,Management review recommended
PROP-0124,2132 2 AVENUE,Manhattan,HARLEM-EAST,Mixed-Use Condo,Jordan Lee,12,1853029.68,1777208.51,-75821.18,Under income budget,463257.41,461570.79,-1686.64,Under expense budget,1315637.73,1250897.47,0.9541,2025-12-01,7439.16,Improving NOI,5803.68,Improving EBITDA,Management review recommended
PROP-0053,235 OCEAN PARKWAY,Brooklyn,KENSINGTON,Residential Condo,Jordan Lee,12,493833.0,450918.5,-42914.51,Under income budget,123458.25,120519.97,-2938.26,Under expense budget,330398.52,315185.83,0.9208,2025-12-01,2078.86,Improving NOI,2021.96,Improving EBITDA,Management review recommended
PROP-0043,376 WALLABOUT STREET,Brooklyn,WILLIAMSBURG-CENTRAL,Mixed-Use Condo,Taylor Morgan,12,823435.08,747150.69,-76284.41,Under income budget,282251.28,278668.82,-3582.47,Under expense budget,468481.9,442988.82,0.907,2025-12-01,-2314.85,Declining NOI,-2235.55,Declining EBITDA,Management review recommended
PROP-0086,11-24 31 AVENUE,Queens,ASTORIA,Residential Condo,Casey Rivera,12,3259324.08,3064573.7,-194750.39,Under income budget,1086336.36,1082528.31,-3808.01,Under expense budget,1982045.38,1876038.46,0.939,2025-12-01,-16170.02,Declining NOI,-17773.76,Declining EBITDA,Management review recommended
PROP-0012,724 EAST 221 STREET,Bronx,WILLIAMSBRIDGE,Residential Condo,Jordan Lee,12,584794.44,550824.15,-33970.27,Under income budget,269515.52,263909.12,-5606.43,Under expense budget,286915.04,266098.21,0.9364,2025-12-01,2780.45,Improving NOI,3298.69,Improving EBITDA,Management review recommended
PROP-0030,200 SOUTH 2 STREET,Brooklyn,WILLIAMSBURG-SOUTH,Multifamily Condo,Avery Johnson,12,1145417.04,1067149.74,-78267.3,Under income budget,459389.33,450297.04,-9092.29,Under expense budget,616852.71,582795.42,0.9335,2025-12-01,-3662.99,Declining NOI,-2307.66,Declining EBITDA,Management review recommended
PROP-0061,4215 PARK AVENUE,Bronx,BATHGATE,Multifamily Condo,Samira Khan,12,6240296.88,5816373.73,-423923.16,Under income budget,2778643.94,2758306.32,-20337.62,Under expense budget,3058067.41,2844288.67,0.9293,2025-12-01,35064.39,Improving NOI,34145.96,Improving EBITDA,Management review recommended
PROP-0085,102 BRADHURST AVENUE,Manhattan,HARLEM-CENTRAL,Residential Condo,Nadia Williams,12,5974909.2,5571074.16,-403835.04,Under income budget,2673896.52,2636571.71,-37324.8,Under expense budget,2934502.44,2735385.63,0.9272,2025-12-01,11486.97,Improving NOI,14625.7,Improving EBITDA,Management review recommended
